GAME_ID,game_date,holiday,spread,total,teams,team_1_raw,team_2_raw,team_1_full,team_2_full,network,vwrs,a18-49,pace_game,pct_points_from_3pt,pct_fga_from_3pt,totalallstarsplayed,giannis_antetokounmpo_played,jayson_tatum_played,joel_embiid_played,tyrese_haliburton_played,damian_lillard_played,bam_adebayo_played,paolo_banchero_played,jaylen_brown_played,jalen_brunson_played,tyrese_maxey_played,donovan_mitchell_played,julius_randle_played,trae_young_played,scottie_barnes_played,lebron_james_played,kevin_durant_played,nikola_jokic_played,luka_doncic_played,shai_gilgeous_alexander_played,devin_booker_played,stephen_curry_played,anthony_davis_played,anthony_edwards_played,paul_george_played,kawhi_leonard_played,karl_anthony_towns_played,points,mov,PCT_PTS_2PT_MR_GAME,PCT_PTS_FB_GAME,PCT_PTS_FT_GAME,team_1_net_rating,team_2_net_rating,avg_net_rating,close_game,YT_view_count,YT_like_count,YT_comment_count
22300150,2023-11-06,0,1.5,222.5,LA LAKERS / MIAMI,LA LAKERS,MIAMI,Los Angeles Lakers,Miami Heat,NBATV,362,163.0,99.0,0.27907,0.372781,3,0,0,0.0,0,0.0,1,0,0,0.0,0,0,0,0.0,0,1,0,0,0,0,0.0,0.0,1,0,0,0.0,0,215,1,0.049434,0.087132,0.058738,0.1,2.0,1.05,0,1904295.0,15550.0,3243.0
22300161,2023-11-08,0,9.5,223.5,SAN ANTONIO / NEW YORK,SAN ANTONIO,NEW YORK,San Antonio Spurs,New York Knicks,ESPN,1652,737.0,98.0,0.363636,0.4,2,0,0,0.0,0,0.0,0,0,0,1.0,0,0,1,0.0,0,0,0,0,0,0,0.0,0.0,0,0,0,0.0,0,231,21,0.056273,0.054994,0.048661,-5.5,4.4,-0.55,0,710929.0,5282.0,760.0
22300169,2023-11-08,0,4.5,227.5,GOLDEN STATE / DENVER,GOLDEN STATE,DENVER,Golden State Warriors,Denver Nuggets,ESPN,1852,835.0,97.0,0.309859,0.393258,2,0,0,0.0,0,0.0,0,0,0,0.0,0,0,0,0.0,0,0,0,1,0,0,0.0,1.0,0,0,0,0.0,0,213,3,0.052639,0.079957,0.105948,1.9,5.4,3.65,1,1579448.0,13168.0,1671.0
22300171,2023-11-09,0,1.5,239.5,MILWAUKEE / INDIANA,MILWAUKEE,INDIANA,Milwaukee Bucks,Indiana Pacers,NBATV,480,196.0,101.5,0.348,0.418994,2,1,0,0.0,1,0,0,0,0,0.0,0,0,0,0.0,0,0,0,0,0,0,0.0,0.0,0,0,0,0.0,0,250,2,0.040372,0.064253,0.076034,2.1,2.6,2.35,0,666308.0,5878.0,677.0
22300172,2023-11-09,0,3.5,232.5,ATLANTA / ORLANDO,ATLANTA,ORLANDO,Atlanta Hawks,Orlando Magic,NBATV,435,218.0,104.0,0.313808,0.377143,2,0,0,0.0,0,0.0,0,1,0,0.0,0,0,0,1.0,0,0,0,0,0,0,0.0,0.0,0,0,0,0.0,0,239,1,0.020364,0.163652,0.132431,-2.0,1.2,-0.4,1,268345.0,3017.0,214.0
22300010,2023-11-10,0,11.5,229.5,BROOKLYN / BOSTON,BROOKLYN,BOSTON,Brooklyn Nets,Boston Celtics,ESPN,1408,599.0,97.0,0.447368,0.497207,2,0,1,0.0,0,0.0,0,0,1,0.0,0,0,0,0.0,0,0,0,0,0,0,0.0,0.0,0,0,0,0.0,0,228,14,0.071477,0.062638,0.162497,-2.4,11.0,4.3,0,356267.0,3516.0,338.0
22300015,2023-11-10,0,2.5,223.5,LA LAKERS / PHOENIX,LA LAKERS,PHOENIX,Los Angeles Lakers,Phoenix Suns,ESPN,1929,888.0,99.0,0.3361,0.359551,3,0,0,0.0,0,0.0,0,0,0,0.0,0,0,0,0.0,0,1,1,0,0,0,0.0,0.0,1,0,0,0.0,0,241,3,0.029353,0.088995,0.118643,0.1,3.0,1.55,1,2201640.0,21211.0,1904.0
22300176,2023-11-11,0,4.5,224.5,CLEVELAND / GOLDEN STATE,CLEVELAND,GOLDEN STATE,Cleveland Cavaliers,Golden State Warriors,NBATV,645,221.0,104.5,0.315789,0.386364,2,0,0,0.0,0,0.0,0,0,0,0.0,0,1,0,0.0,0,0,0,0,0,0,0.0,1.0,0,0,0,0.0,0,228,8,0.046339,0.076091,0.236626,3.3,1.9,2.6,0,1177771.0,9457.0,1170.0
22300188,2023-11-13,0,9.5,220.5,NEW YORK / BOSTON,NEW YORK,BOSTON,New York Knicks,Boston Celtics,NBATV,323,0.09,86.5,0.481132,0.493671,4,0,1,0.0,0,0.0,0,0,1,1.0,0,0,1,0.0,0,0,0,0,0,0,0.0,0.0,0,0,0,0.0,0,212,16,0.036035,0.043147,0.066239,4.4,11.0,7.7,0,558789.0,5472.0,523.0
22300191,2023-11-13,0,3.5,228.5,CLEVELAND / SACRAMENTO,CLEVELAND,SACRAMENTO,Cleveland Cavaliers,Sacramento Kings,NBATV,288,0.1,95.5,0.428571,0.442529,1,0,0,0.0,0,0.0,0,0,0,0.0,0,1,0,0.0,0,0,0,0,0,0,0.0,0.0,0,0,0,0.0,0,252,12,0.023372,0.032628,0.051818,3.3,2.0,2.65,0,329630.0,2982.0,234.0
22300021,2023-11-14,0,10.5,237.5,SPURS / THUNDER,SPURS,THUNDER,San Antonio Spurs,Oklahoma City Thunder,TNT,1082,0.38,106.0,0.342857,0.379121,1,0,0,0.0,0,0.0,0,0,0,0.0,0,0,0,0.0,0,0,0,0,0,1,0.0,0.0,0,0,0,0.0,0,210,36,0.057469,0.11406,0.072236,-5.5,6.6,0.55,0,500591.0,3843.0,724.0
22300024,2023-11-14,0,4.5,226.5,CLIPPERS / NUGGETS,CLIPPERS,NUGGETS,Los Angeles Clippers,Denver Nuggets,TNT,1166,0.39,94.5,0.287671,0.327044,3,0,0,0.0,0,0.0,0,0,0,0.0,0,0,0,0.0,0,0,0,1,0,0,0.0,0.0,0,0,1,1.0,0,219,3,0.037414,0.085862,0.109592,3.5,5.4,3.5,1,844554.0,7399.0,1348.0
22300194,2023-11-15,0,1.5,223.5,BOSTON / PHILADELPHIA,BOSTON,PHILADELPHIA,Boston Celtics,Philadelphia 76ers,ESPN,1848,0.6,93.0,0.388393,0.462428,3,0,1,1.0,0,0.0,0,0,0,0.0,1,0,0,0.0,0,0,0,0,0,0,0.0,0.0,0,0,0,0.0,0,224,10,0.018479,0.087117,0.066021,11.0,2.8,6.9,1,590659.0,5754.0,991.0
22300198,2023-11-15,0,0.5,237.5,SACRAMENTO / LA LAKERS,SACRAMENTO,LA LAKERS,Sacramento Kings,Los Angeles Lakers,ESPN,1711,0.61,109.0,0.344681,0.407821,2,0,0,0.0,0,0.0,0,0,0,0.0,0,0,0,0.0,0,1,0,0,0,0,0.0,0.0,1,0,0,0.0,0,235,15,0.071274,0.118539,0.111552,2.0,0.1,1.05,0,985676.0,7600.0,1807.0
22300040,2023-11-21,0,7.5,219.5,CAVALIERS / 76ERS,CAVALIERS,76ERS,Cleveland Cavaliers,Philadelphia 76ers,TNT,1547,0.49,98.26,0.248963,0.315789,2,0,0,1.0,0,0.0,0,0,0,0.0,1,0,0,0.0,0,0,0,0,0,0,0.0,0.0,0,0,0,0.0,0,241,3,0.01502,0.076167,0.081884,3.3,2.8,3.05,1,265725.0,2608.0,397.0
22300042,2023-11-21,0,7.5,239.5,JAZZ / LAKERS,JAZZ,LAKERS,Utah Jazz,Los Angeles Lakers,TNT,1488,0.51,104.0,0.286957,0.396739,2,0,0,0.0,0,0.0,0,0,0,0.0,0,0,0,0.0,0,1,0,0,0,0,0.0,0.0,1,0,0,0.0,0,230,32,0.0,0.115622,0.141456,-4.5,0.1,0.1,0,1187281.0,11805.0,999.0
22300228,2023-11-22,0,6.5,235.5,MILWAUKEE / BOSTON,MILWAUKEE,BOSTON,Milwaukee Bucks,Boston Celtics,ESPN,2027,0.59,101.5,0.382979,0.410811,4,1,1,0.0,0,1.0,0,0,1,0.0,0,0,0,0.0,0,0,0,0,0,0,0.0,0.0,0,0,0,0.0,0,235,3,0.034757,0.040517,0.059547,2.1,11.0,6.55,0,723502.0,6852.0,1287.0
22300236,2023-11-22,0,3.5,233.5,GOLDEN STATE / PHOENIX,GOLDEN STATE,PHOENIX,Golden State Warriors,Phoenix Suns,ESPN,1995,0.63,100.5,0.264706,0.361446,3,0,0,0.0,0,0.0,0,0,0,0.0,0,0,0,0.0,0,0,1,0,0,0,1.0,1.0,0,0,0,0.0,0,238,8,0.036946,0.134707,0.184032,1.9,3.0,2.45,0,892186.0,7240.0,980.0
22300043,2023-11-24,0,5.5,221.5,BOSTON / ORLANDO,BOSTON,ORLANDO,Boston Celtics,Orlando Magic,NBATV,317,0.1,100.5,0.258373,0.354037,3,0,1,0.0,0,0.0,0,1,1,0.0,0,0,0,0.0,0,0,0,0,0,0,0.0,0.0,0,0,0,0.0,0,209,17,0.024292,0.091522,0.108093,11.0,1.2,6.1,0,432262.0,4356.0,839.0
22300044,2023-11-24,0,3.5,221.5,PHOENIX / MEMPHIS,PHOENIX,MEMPHIS,Phoenix Suns,Memphis Grizzlies,NBATV,392,0.13,93.0,0.301508,0.410256,1,0,0,0.0,0,0.0,0,0,0,0.0,0,0,0,0.0,0,0,0,0,0,0,1.0,0.0,0,0,0,0.0,0,199,21,0.038797,0.037068,0.161721,3.0,-6.6,-1.8,0,248010.0,2444.0,309.0
22300045,2023-11-24,0,5.5,210.5,MIAMI / NEW YORK,MIAMI,NEW YORK,Miami Heat,New York Knicks,ESPN,1100,0.34,98.5,0.30303,0.392857,3,0,0,0.0,0,0.0,1,0,0,1.0,0,0,1,0.0,0,0,0,0,0,0,0.0,0.0,0,0,0,0.0,0,198,2,0.027423,0.132284,0.106281,2.0,4.4,3.2,0,328362.0,3740.0,584.0
22300051,2023-11-24,0,10.5,236.5,SAN ANTONIO / GOLDEN STATE,SAN ANTONIO,GOLDEN STATE,San Antonio Spurs,Golden State Warriors,ESPN,1582,0.47,107.0,0.404348,0.491713,1,0,0,0.0,0,0.0,0,0,0,0.0,0,0,0,0.0,0,0,0,0,0,0,0.0,1.0,0,0,0,0.0,0,230,6,0.074873,0.064701,0.104317,-5.5,1.9,-1.8,0,1366913.0,11509.0,905.0
22300244,2023-11-25,0,0.5,237.5,DALLAS / LA CLIPPERS,DALLAS,LA CLIPPERS,Dallas Mavericks,Los Angeles Clippers,NBATV,307,147.0,92.5,0.261538,0.374302,3,0,0,0.0,0,0.0,0,0,0,0.0,0,0,0,0.0,0,0,0,0,1,0,0.0,0.0,0,0,1,1.0,0,195,19,0.070597,0.149988,0.187191,2.4,3.5,2.95,0,798490.0,6728.0,796.0
22300255,2023-11-27,0,5.5,230.5,LA LAKERS / PHILADELPHIA,LA LAKERS,PHILADELPHIA,Los Angeles Lakers,Philadelphia 76ers,NBATV,342,0.1,96.5,0.375,0.420455,4,0,0,1.0,0,0.0,0,0,0,0.0,1,0,0,0.0,0,1,0,0,0,0,0.0,0.0,1,0,0,0.0,0,232,44,0.068761,0.11195,0.125075,0.1,2.8,1.45,0,972335.0,7793.0,1706.0
22300257,2023-11-27,0,11.5,217.5,DENVER / LA CLIPPERS,DENVER,LA CLIPPERS,Denver Nuggets,Los Angeles Clippers,NBATV,247,0.09,98.0,0.221198,0.237288,2,0,0,0.0,0,0.0,0,0,0,0.0,0,0,0,0.0,0,0,0,0,0,0,0.0,0.0,0,0,1,1.0,0,217,9,0.040121,0.043468,0.107929,5.4,3.5,4.45,1,763496.0,6176.0,1272.0
22300056,2023-11-28,0,4.5,230.5,BUCKS / HEAT,BUCKS,HEAT,Milwaukee Bucks,Miami Heat,TNT,1317,0.43,100.5,0.317647,0.357143,3,1,0,0.0,0,1.0,1,0,0,0.0,0,0,0,0.0,0,0,0,0,0,0,0.0,0.0,0,0,0,0.0,0,255,7,0.035963,0.078801,0.064357,2.1,2.0,2.05,1,438524.0,4314.0,532.0
22300060,2023-11-28,0,1.5,237.5,WARRIORS / KINGS,WARRIORS,KINGS,Golden State Warriors,Sacramento Kings,TNT,2002,0.64,105.5,0.388664,0.488506,1,0,0,0.0,0,0.0,0,0,0,0.0,0,0,0,0.0,0,0,0,0,0,0,0.0,1.0,0,0,0,0.0,0,247,1,0.013831,0.03994,0.201067,1.9,2.0,1.95,1,981532.0,10632.0,1565.0
22300264,2023-11-29,0,1.5,231.5,LA CLIPPERS / SACRAMENTO,LA CLIPPERS,SACRAMENTO,Los Angeles Clippers,Sacramento Kings,NBATV,287,0.1,99.0,0.326613,0.385475,2,0,0,0.0,0,0.0,0,0,0,0.0,0,0,0,0.0,0,0,0,0,0,0,0.0,0.0,0,0,1,1.0,0,248,14,0.054712,0.029137,0.100844,3.5,2.0,2.75,0,635855.0,6096.0,634.0
22300275,2023-12-01,0,11.5,218.5,PHILADELPHIA / BOSTON,PHILADELPHIA,BOSTON,Philadelphia 76ers,Boston Celtics,ESPN,553,247.0,103.0,0.393443,0.397661,2,0,1,0.0,0,0.0,0,0,1,0.0,0,0,0,0.0,0,0,0,0,0,0,0.0,0.0,0,0,0,0.0,0,244,6,0.019765,0.080587,0.127377,2.8,11.0,6.9,1,456958.0,4497.0,764.0
22300279,2023-12-01,0,0.5,224.5,DENVER / PHOENIX,DENVER,PHOENIX,Denver Nuggets,Phoenix Suns,ESPN,529,261.0,96.5,0.273913,0.343023,2,0,0,0.0,0,0.0,0,0,0,0.0,0,0,0,0.0,0,0,1,1,0,0,0.0,0.0,0,0,0,0.0,0,230,8,0.049127,0.090016,0.082424,5.4,3.0,4.2,1,748069.0,5581.0,731.0
22300290,2023-12-02,0,3.5,234.5,DENVER / SACRAMENTO,DENVER,SACRAMENTO,Denver Nuggets,Sacramento Kings,NBATV,180,89.0,107.0,0.275,0.29798,1,0,0,0.0,0,0.0,0,0,0,0.0,0,0,0,0.0,0,0,0,1,0,0,0.0,0.0,0,0,0,0.0,0,240,6,0.05564,0.09934,0.07266,5.4,2.0,3.7,0,596780.0,4832.0,603.0
22301202,2023-12-04,0,4.5,244.5,CELTICS / PACERS,CELTICS,PACERS,Boston Celtics,Indiana Pacers,TNT,1023,0.36,102.5,0.397436,0.424084,3,0,1,0.0,1,0.0,0,0,1,0.0,0,0,0,0.0,0,0,0,0,0,0,0.0,0.0,0,0,0,0.0,0,234,10,0.026744,0.089301,0.095836,11.0,2.6,6.80,1,745551.0,8297.0,951.0
22301204,2023-12-04,0,3.5,237.5,PELICANS / KINGS,PELICANS,KINGS,New Orleans Pelicans,Sacramento Kings,TNT,718,0.27,99.0,0.344262,0.418605,0,0,0,0.0,0,0.0,0,0,0,0.0,0,0,0,0.0,0,0,0,0,0,0,0.0,0.0,0,0,0,0.0,0,244,10,0.041427,0.112168,0.118318,4.4,2.0,3.20,0,564363.0,5603.0,431.0
22301201,2023-12-05,0,4.5,230.5,KNICKS / BUCKS,KNICKS,BUCKS,New York Knicks,Milwaukee Bucks,TNT,1741,788.0,102.0,0.335821,0.342697,4,1,0,0.0,0,1.0,0,0,0,1.0,0,0,1,0.0,0,0,0,0,0,0,0.0,0.0,0,0,0,0.0,0,268,24,0.048349,0.075457,0.068584,4.4,2.1,3.25,0,461456.0,5240.0,453.0
22301210,2023-12-06,0,12.5,229.5,SAN ANTONIO / MINNESOTA,SAN ANTONIO,MINNESOTA,San Antonio Spurs,Minnesota Timberwolves,ESPN,1051,0.35,100.5,0.306122,0.404255,2,0,0,0.0,0,0.0,0,0,0,0.0,0,0,0,0.0,0,0,0,0,0,0,0.0,0.0,0,1,0,0.0,1,196,8,0.007148,0.093393,0.082597,-5.5,5.5,0.0,0,167817.0,1799.0,440.0
22301215,2023-12-06,0,0.5,229.5,DENVER / LA CLIPPERS,DENVER,LA CLIPPERS,Denver Nuggets,Los Angeles Clippers,ESPN,1308,0.47,96.5,0.338028,0.313514,3,0,0,0.0,0,0.0,0,0,0,0.0,0,0,0,0.0,0,0,0,1,0,0,0.0,0.0,0,0,1,1.0,0,213,9,0.036383,0.094054,0.095022,5.4,3.5,4.45,1,1096627.0,8807.0,947.0
22301229,2023-12-07,0,5.5,256.5,INDIANA / MILWAUKEE,INDIANA,MILWAUKEE,Indiana Pacers,Milwaukee Bucks,ESPN,1600,0.57,105.5,0.230769,0.333333,3,1,0,0.0,1,1.0,0,0,0,0.0,0,0,0,0.0,0,0,0,0,0,0,0.0,0.0,0,0,0,0.0,0,247,9,0.055818,0.056477,0.091876,2.6,2.1,2.35,1,852297.0,9033.0,994.0
22301230,2023-12-07,0,2.5,229.5,PELICANS / LAKERS,PELICANS,LAKERS,New Orleans Pelicans,Los Angeles Lakers,TNT,1741,0.6,103.5,0.324324,0.364641,2,0,0,0.0,0,0.0,0,0,0,0.0,0,0,0,0.0,0,1,0,0,0,0,0.0,0.0,1,0,0,0.0,0,222,44,0.073044,0.162492,0.182371,4.4,0.1,0.1,0,1706676.0,17816.0,1908.0
22301225,2023-12-08,0,8.5,225.5,LA CLIPPERS / UTAH,LA CLIPPERS,UTAH,Los Angeles Clippers,Utah Jazz,ESPN,703,303.0,98.5,0.327273,0.377907,2,0,0,0.0,0,0.0,0,0,0,0.0,0,0,0,0.0,0,0,0,0,0,0,0.0,0.0,0,0,1,1.0,0,220,14,0.047014,0.086458,0.132955,3.5,-4.5,-0.5,0,345674.0,3130.0,356.0
22301227,2023-12-08,0,7.5,221.5,NEW YORK / BOSTON,NEW YORK,BOSTON,New York Knicks,Boston Celtics,NBATV,380,172.0,98.5,0.398438,0.469274,4,0,1,0.0,0,0.0,0,0,1,1.0,0,0,1,0.0,0,0,0,0,0,0,0.0,0.0,0,0,0,0.0,0,256,10,0.026045,0.049166,0.104185,4.4,11.0,7.7,0,279920.0,2737.0,317.0
22300316,2023-12-13,0,3.5,230.5,LA LAKERS / SAN ANTONIO,LA LAKERS,SAN ANTONIO,Los Angeles Lakers,San Antonio Spurs,NBATV,466,0.17,110.0,0.373444,0.385027,1,0,0,0.0,0,0.0,0,0,0,0.0,0,0,0,0.0,0,0,0,0,0,0,0.0,0.0,1,0,0,0.0,0,241,3,0.011487,0.154396,0.037702,0.1,-5.5,-2.7,0,1272417.0,11525.0,1029.0
22300331,2023-12-15,0,4.5,235.5,LA LAKERS / SAN ANTONIO,LA LAKERS,SAN ANTONIO,Los Angeles Lakers,San Antonio Spurs,ESPN,1463,0.45,99.5,0.356557,0.423913,1,0,0,0.0,0,0.0,0,0,0,0.0,0,0,0,0.0,0,1,0,0,0,0,0.0,0.0,0,0,0,0.0,0,244,14,0.075714,0.122203,0.072398,0.1,-5.5,-2.7,0,818684.0,6904.0,1631.0
22300333,2023-12-15,0,4.5,229.5,NEW YORK / PHOENIX,NEW YORK,PHOENIX,New York Knicks,Phoenix Suns,ESPN,1282,0.43,97.5,0.321839,0.331395,4,0,0,0.0,0,0.0,0,0,0,1.0,0,0,1,0.0,0,0,1,0,0,0,1.0,0.0,0,0,0,0.0,0,261,17,0.032443,0.030956,0.108196,4.4,3.0,3.7,0,412174.0,4074.0,425.0
22300336,2023-12-16,0,4.5,236.5,ATLANTA / CLEVELAND,ATLANTA,CLEVELAND,Atlanta Hawks,Cleveland Cavaliers,NBATV,108,28.0,97.0,0.378049,0.419355,2,0,0,0.0,0,0.0,0,0,0,0.0,0,1,0,1.0,0,0,0,0,0,0,0.0,0.0,0,0,0,0.0,0,246,8,0.028646,0.026317,0.088346,-2.0,3.3,0.65,0,73874.0,1036.0,92.0
22300342,2023-12-16,0,8.5,235.5,UTAH / SACRAMENTO,UTAH,SACRAMENTO,Utah Jazz,Sacramento Kings,NBATV,140,53.0,98.5,0.445415,0.479532,0,0,0,0.0,0,0.0,0,0,0,0.0,0,0,0,0.0,0,0,0,0,0,0,0.0,0.0,0,0,0,0.0,0,229,21,0.0,0.030971,0.133053,-4.5,2.0,-1.25,0,105633.0,1522.0,217.0
22300360,2023-12-19,0,8.5,229.5,GRIZZLIES / PELICANS,GRIZZLIES,PELICANS,Memphis Grizzlies,New Orleans Pelicans,TNT,1427,565.0,96.5,0.276316,0.335329,0,0,0,0.0,0,0.0,0,0,0,0.0,0,0,0,0.0,0,0,0,0,0,0,0.0,0.0,0,0,0,0.0,0,228,2,0.009706,0.091799,0.102509,-6.6,4.4,-1.10,1,939998.0,11783.0,1232.0
22300362,2023-12-19,0,5.5,233.5,CELTICS / WARRIORS,CELTICS,WARRIORS,Boston Celtics,Golden State Warriors,TNT,1817,711.0,97.36,0.430233,0.484305,3,0,1,0.0,0,0.0,0,0,1,0.0,0,0,0,0.0,0,0,0,0,0,0,0.0,1.0,0,0,0,0.0,0,258,6,0.029022,0.118974,0.079946,11.0,1.9,6.45,0,1481198.0,18322.0,2397.0
22300380,2023-12-21,0,8.5,222.5,LA LAKERS / MINNESOTA,LA LAKERS,MINNESOTA,Los Angeles Lakers,Minnesota Timberwolves,NBATV,450,0.15,102.0,0.31441,0.352941,3,0,0,0.0,0,0.0,0,0,0,0.0,0,0,0,0.0,0,0,0,0,0,0,0.0,0.0,1,1,0,0.0,1,229,7,0.050725,0.057565,0.129166,0.1,5.5,2.8,0,751809.0,5449.0,1073.0
22300401,2023-12-25,1,3.5,243.5,MILWAUKEE/NEW YORK,MILWAUKEE,NEW YORK,Milwaukee Bucks,New York Knicks,ESPN2,128,54.0,100.0,0.250996,0.363636,4,1,0,0.0,0,1.0,0,0,0,1.0,0,0,1,0.0,0,0,0,0,0,0,0.0,0.0,0,0,0,0.0,0,251,7,0.034637,0.095572,0.088203,2.1,4.4,3.25,0,336575.0,3857.0,510.0
22300402,2023-12-25,1,7.5,235.5,GOLDEN STATE/DENVER,GOLDEN STATE,DENVER,Golden State Warriors,Denver Nuggets,ESPN,1762,718.0,100.5,0.358974,0.43787,2,0,0,0.0,0,0.0,0,0,0,0.0,0,0,0,0.0,0,0,0,1,0,0,0.0,1.0,0,0,0,0.0,0,234,6,0.014998,0.057415,0.11547,1.9,5.4,3.65,1,775786.0,7190.0,1101.0
22300403,2023-12-25,1,5.5,235.5,BOSTON/LA LAKERS,BOSTON,LA LAKERS,Boston Celtics,Los Angeles Lakers,ESPN,1687,745.0,98.0,0.323651,0.40884,4,0,1,0.0,0,0.0,0,0,1,0.0,0,0,0,0.0,0,1,0,0,0,0,0.0,0.0,1,0,0,0.0,0,241,11,0.054785,0.101541,0.067238,11.0,0.1,5.55,0,1027756.0,8647.0,1517.0
22300404,2023-12-25,1,2.5,227.5,PHILADELPHIA/MIAMI,PHILADELPHIA,MIAMI,Philadelphia 76ers,Miami Heat,ESPN,1191,548.0,101.0,0.375,0.432584,2,0,0,0.0,0,0.0,1,0,0,0.0,1,0,0,0.0,0,0,0,0,0,0,0.0,0.0,0,0,0,0.0,0,232,6,0.008861,0.156106,0.196739,2.8,2.0,2.40,1,350403.0,3695.0,425.0
22300405,2023-12-25,1,4.5,243.5,DALLAS/PHOENIX,DALLAS,PHOENIX,Dallas Mavericks,Phoenix Suns,ESPN,1469,738.0,101.5,0.371901,0.488506,3,0,0,0.0,0,0.0,0,0,0,0.0,0,0,0,0.0,0,0,1,0,1,0,1.0,0.0,0,0,0,0.0,0,242,14,0.030968,0.047033,0.142364,2.4,3.0,2.70,0,663301.0,6601.0,1155.0
22300409,2023-12-26,0,2.5,240.5,INDIANA / HOUSTON,INDIANA,HOUSTON,Indiana Pacers,Houston Rockets,NBATV,320,0.08,102.0,0.3,0.374302,1,0,0,0.0,1,0.0,0,0,0,0.0,0,0,0,0.0,0,0,0,0,0,0,0.0,0.0,0,0,0,0.0,0,240,6,0.039142,0.05745,0.10054,2.6,1.2,1.9,0,143209.0,1434.0,177.0
22300414,2023-12-26,0,11.5,226.5,CHARLOTTE / LA CLIPPERS,CHARLOTTE,LA CLIPPERS,Charlotte Hornets,Los Angeles Clippers,NBATV,314,0.1,99.0,0.276498,0.353933,1,0,0,0.0,0,0.0,0,0,0,0.0,0,0,0,0.0,0,0,0,0,0,0,0.0,0.0,0,0,1,0.0,0,217,9,0.060285,0.143428,0.110789,-10.5,3.5,-3.5,0,505326.0,4552.0,340.0
22300416,2023-12-27,0,6.5,242.5,TORONTO / WASHINGTON,TORONTO,WASHINGTON,Toronto Raptors,Washington Wizards,NBATV,246,0.09,103.5,0.294872,0.392265,1,0,0,0.0,0,0.0,0,0,0,0.0,0,0,0,0.0,1,0,0,0,0,0,0.0,0.0,0,0,0,0.0,0,234,30,0.122747,0.132536,0.101488,-6.3,-8.2,-7.25,0,140981.0,1410.0,145.0
22300421,2023-12-28,0,17.5,234.5,DETROIT / BOSTON,DETROIT,BOSTON,Detroit Pistons,Boston Celtics,NBATV,561,0.19,98.26,0.3,0.41,1,0,1,0.0,0,0.0,0,0,0,0.0,0,0,0,0.0,0,0,0,0,0,0,0.0,0.0,0,0,0,0.0,0,250,6,0.093558,0.050863,0.067161,-8.3,11.0,1.35,1,368400.0,4468.0,1262.0
22300426,2023-12-28,0,6.5,232.5,MIAMI / GOLDEN STATE,MIAMI,GOLDEN STATE,Miami Heat,Golden State Warriors,NBATV,508,0.16,96.5,0.25,0.357542,2,0,0,0.0,0,0.0,1,0,0,0.0,0,0,0,0.0,0,0,0,0,0,0,0.0,1.0,0,0,0,0.0,0,216,12,0.043341,0.086363,0.119777,2.0,1.9,1.95,0,738219.0,6311.0,747.0
22300459,2024-01-02,0,9.5,222.5,CHICAGO / PHILADELPHIA,CHICAGO,PHILADELPHIA,Chicago Bulls,Philadelphia 76ers,NBATV,289,0.09,102.5,0.275362,0.380682,2,0,0,1.0,0,0.0,0,0,0,0.0,1,0,0,0.0,0,0,0,0,0,0,0.0,0.0,0,0,0,0.0,0,207,13,0.081972,0.141659,0.139146,-1.5,2.8,0.65,0,144605.0,1518.0,164.0
22300463,2024-01-02,0,3.5,230.5,ORLANDO / GOLDEN STATE,ORLANDO,GOLDEN STATE,Orlando Magic,Golden State Warriors,NBATV,496,0.15,98.5,0.34322,0.417647,2,0,0,0.0,0,0.0,0,1,0,0.0,0,0,0,0.0,0,0,0,0,0,0,0.0,1.0,0,0,0,0.0,0,236,6,0.022912,0.04473,0.122819,1.2,1.9,1.55,1,748073.0,7380.0,377.0
22300468,2024-01-03,0,7.5,219.5,BULLS / KNICKS,BULLS,KNICKS,Chicago Bulls,New York Knicks,ABC,1636,0.39,95.5,0.388889,0.393258,2,0,0,0.0,0,0.0,0,0,0,1.0,0,0,1,0.0,0,0,0,0,0,0,0.0,0.0,0,0,0,0.0,0,216,16,0.041771,0.098482,0.048651,-1.5,4.4,1.45,0,180078.0,2138.0,323.0
22300475,2024-01-03,0,5.5,229.5,MIAMI / LA LAKERS,MIAMI,LA LAKERS,Miami Heat,Los Angeles Lakers,ESPN,978,0.34,102.5,0.291262,0.409091,3,0,0,0.0,0,0.0,1,0,0,0.0,0,0,0,0.0,0,1,0,0,0,0,0.0,0.0,1,0,0,0.0,0,206,14,0.026645,0.112235,0.075132,2.0,0.1,1.05,0,795969.0,6950.0,1351.0
22300477,2024-01-04,0,11.5,248.5,BUCKS / SPURS,BUCKS,SPURS,Milwaukee Bucks,San Antonio Spurs,TNT,1546,0.51,104.0,0.317073,0.395722,2,1,0,0.0,0,1.0,0,0,0,0.0,0,0,0,0.0,0,0,0,0,0,0,0.0,0.0,0,0,0,0.0,0,246,4,0.068071,0.109845,0.090283,2.1,-5.5,-1.70,1,750717.0,8046.0,1157.0
22300478,2024-01-04,0,3.5,234.5,NUGGETS / WARRIORS,NUGGETS,WARRIORS,Denver Nuggets,Golden State Warriors,TNT,2104,0.68,95.0,0.280156,0.354286,2,0,0,0.0,0,0.0,0,0,0,0.0,0,0,0,0.0,0,0,0,1,0,0,0.0,1.0,0,0,0,0.0,0,257,3,0.099535,0.024674,0.062568,5.4,1.9,3.65,0,1131757.0,12286.0,2432.0
22300483,2024-01-05,0,5.5,233.5,NEW YORK / PHILADELPHIA,NEW YORK,PHILADELPHIA,New York Knicks,Philadelphia 76ers,ESPN,1453,0.46,100.0,0.327273,0.376471,4,0,0,1.0,0,0.0,0,0,0,1.0,1,0,1,0.0,0,0,0,0,0,0,0.0,0.0,0,0,0,0.0,0,220,36,0.028432,0.157231,0.148662,4.4,2.8,3.6,0,238028.0,2622.0,654.0
22300491,2024-01-05,0,3.5,225.5,MEMPHIS / LA LAKERS,MEMPHIS,LA LAKERS,Memphis Grizzlies,Los Angeles Lakers,ESPN,1719,0.6,102.5,0.4125,0.437126,2,0,0,0.0,0,0.0,0,0,0,0.0,0,0,0,0.0,0,1,0,0,0,0,0.0,0.0,1,0,0,0.0,0,240,14,0.066881,0.069933,0.105146,-6.6,0.1,-3.25,0,1281256.0,8563.0,1843.0
22300511,2024-01-08,0,5.5,234.5,PHOENIX / LA CLIPPERS,PHOENIX,LA CLIPPERS,Phoenix Suns,Los Angeles Clippers,NBATV,261,0.1,97.5,0.301205,0.364198,4,0,0,0.0,0,0.0,0,0,0,0.0,0,0,0,0.0,0,0,1,0,0,0,1.0,0.0,0,0,1,1.0,0,249,27,0.064718,0.081796,0.216822,3.0,3.5,3.25,0,744664.0,6776.0,811.0
22300515,2024-01-09,0,9.5,236.5,MEMPHIS / DALLAS,MEMPHIS,DALLAS,Memphis Grizzlies,Dallas Mavericks,NBATV,364,0.1,98.5,0.309417,0.369942,1,0,0,0.0,0,0.0,0,0,0,0.0,0,0,0,0.0,0,0,0,0,1,0,0.0,0.0,0,0,0,0.0,0,223,17,0.019898,0.124433,0.086749,-6.6,2.4,-2.1,0,428689.0,3302.0,309.0
22300524,2024-01-10,0,6.5,239.5,DENVER / UTAH,DENVER,UTAH,Denver Nuggets,Utah Jazz,ESPN,733,0.25,100.5,0.331915,0.402439,1,0,0,0.0,0,0.0,0,0,0,0.0,0,0,0,0.0,0,0,0,1,0,0,0.0,0.0,0,0,0,0.0,0,235,13,0.080817,0.131713,0.138017,5.4,-4.5,0.45,0,391434.0,3043.0,248.0
22300525,2024-01-10,0,2.5,233.5,PELICANS / WARRIORS,PELICANS,WARRIORS,New Orleans Pelicans,Golden State Warriors,ABC,1577,0.33,99.5,0.378049,0.431694,1,0,0,0.0,0,0.0,0,0,0,0.0,0,0,0,0.0,0,0,0,0,0,0,0.0,1.0,0,0,0,0.0,0,246,36,0.029517,0.06071,0.128396,4.4,1.9,3.15,0,402735.0,3436.0,939.0
22300528,2024-01-11,0,2.5,247.5,CELTICS / BUCKS,CELTICS,BUCKS,Boston Celtics,Milwaukee Bucks,TNT,1431,0.48,98.5,0.341772,0.420765,4,1,1,0.0,0,1.0,0,0,1,0.0,0,0,0,0.0,0,0,0,0,0,0,0.0,0.0,0,0,0,0.0,0,237,33,0.053333,0.107507,0.10726,11.0,2.1,6.55,0,533296.0,5126.0,1205.0
22300531,2024-01-11,0,1.5,238.5,SUNS / LAKERS,SUNS,LAKERS,Phoenix Suns,Los Angeles Lakers,TNT,1317,0.46,101.0,0.34322,0.421965,4,0,0,0.0,0,0.0,0,0,0,0.0,0,0,0,0.0,0,1,1,0,0,0,1.0,0.0,1,0,0,0.0,0,236,18,0.042885,0.091985,0.142625,3.0,0.1,0.1,0,725854.0,6160.0,1215.0
22300532,2024-01-12,0,0.5,241.5,SACRAMENTO / PHILADELPHIA,SACRAMENTO,PHILADELPHIA,Sacramento Kings,Philadelphia 76ers,ESPN,1063,0.31,96.0,0.336585,0.388298,1,0,0,0,0,0.0,0,0,0,0.0,1,0,0,0.0,0,0,0,0,0,0,0.0,0.0,0,0,0,0.0,0,205,19,0.072914,0.060158,0.161709,2.0,2.8,2.4,0,99605.0,1059.0,135.0
22300539,2024-01-12,0,5.5,230.5,NEW ORLEANS / DENVER,NEW ORLEANS,DENVER,New Orleans Pelicans,Denver Nuggets,ESPN,1120,0.38,101.0,0.340336,0.368715,1,0,0,0.0,0,0.0,0,0,0,0.0,0,0,0,0.0,0,0,0,1,0,0,0.0,0.0,0,0,0,0.0,0,238,12,0.053227,0.09416,0.079394,4.4,5.4,4.9,0,232319.0,2080.0,239.0
22300555,2024-01-15,0,8.5,227.5,HOUSTON / PHILADELPHIA,HOUSTON,PHILADELPHIA,Houston Rockets,Philadelphia 76ers,NBATV,217,0.08,96.5,0.288703,0.339181,2,0,0,1.0,0,0.0,0,0,0,0.0,1,0,0,0.0,0,0,0,0,0,0,0.0,0.0,0,0,0,0.0,0,239,9,0.071435,0.095487,0.17847,1.2,2.8,2.0,0,110664.0,1184.0,149.0
22300560,2024-01-15,0,7.5,226.5,WARRIORS / GRIZZLIES,WARRIORS,GRIZZLIES,Golden State Warriors,Memphis Grizzlies,TNT,513,0.15,101.0,0.403587,0.482955,1,0,0,0.0,0,0.0,0,0,0,0.0,0,0,0,0.0,0,0,0,0,0,0,0.0,1.0,0,0,0,0.0,0,223,9,0.074629,0.105014,0.12056,1.9,-6.6,-2.35,0,598857.0,4726.0,806.0
22300565,2024-01-15,0,2.5,242.5,OKLAHOMA CITY / LA LAKERS,OKLAHOMA CITY,LA LAKERS,Oklahoma City Thunder,Los Angeles Lakers,NBATV,305,0.13,99.0,0.317972,0.405556,3,0,0,0.0,0,0.0,0,0,0,0.0,0,0,0,0.0,0,1,0,0,0,1,0.0,0.0,1,0,0,0.0,0,217,7,0.036981,0.125787,0.058815,6.6,0.1,3.35,0,1128302.0,10477.0,953.0
22300566,2024-01-16,0,1.5,232.5,NUGGETS / 76ERS,NUGGETS,76ERS,Denver Nuggets,Philadelphia 76ers,TNT,1683,0.56,93.0,0.327935,0.363636,3,0,0,1.0,0,0.0,0,0,0,0.0,1,0,0,0.0,0,0,0,1,0,0,0.0,0.0,0,0,0,0.0,0,247,5,0.044451,0.020545,0.098047,5.4,2.8,4.10,1,572975.0,4991.0,1196.0
22300568,2024-01-16,0,5.5,240.5,THUNDER / CLIPPERS,THUNDER,CLIPPERS,Oklahoma City Thunder,Los Angeles Clippers,TNT,1149,0.4,93.5,0.440816,0.452941,3,0,0,0.0,0,0.0,0,0,0,0.0,0,0,0,0.0,0,0,0,0,0,1,0.0,0.0,0,0,1,1.0,0,245,11,0.053838,0.112812,0.08478,6.6,3.5,3.5,1,677486.0,6560.0,937.0
22300577,2024-01-17,0,3.5,244.5,MAVERICKS / LAKERS,MAVERICKS,LAKERS,Dallas Mavericks,Los Angeles Lakers,ABC,1986,0.52,101.5,0.291139,0.373626,3,0,0,0.0,0,0.0,0,0,0,0.0,0,0,0,0.0,0,1,0,0,1,0,0.0,0.0,1,0,0,0.0,0,237,17,0.089093,0.106072,0.12988,2.4,0.1,0.1,0,1511624.0,13701.0,963.0
22300580,2024-01-18,0,1.5,228.5,BULLS / RAPTORS,BULLS,RAPTORS,Chicago Bulls,Toronto Raptors,TNT,1011,0.35,97.5,0.212389,0.356322,1,0,0,0.0,0,0.0,0,0,0,0.0,0,0,0,0.0,1,0,0,0,0,0,0.0,0.0,0,0,0,0.0,0,226,6,0.075717,0.076283,0.084103,-1.5,-6.3,-3.90,1,189927.0,2077.0,189.0
22300582,2024-01-18,0,12.5,214.5,GRIZZLIES / TIMBERWOLVES,GRIZZLIES,TIMBERWOLVES,Memphis Grizzlies,Minnesota Timberwolves,TNT,876,0.28,96.0,0.352941,0.371257,2,0,0,0.0,0,0.0,0,0,0,0.0,0,0,0,0.0,0,0,0,0,0,0,0.0,0.0,0,1,0,0.0,1,221,15,0.003025,0.107257,0.119164,-6.6,5.5,-0.55,0,322267.0,3203.0,336.0
22300586,2024-01-19,1,7.5,233.5,DENVER / BOSTON,DENVER,BOSTON,Denver Nuggets,Boston Celtics,ESPN,2016,0.66,86.0,0.326733,0.441176,3,0,1,0.0,0,0.0,0,0,1,0.0,0,0,0,0.0,0,0,0,1,0,0,0.0,0.0,0,0,0,0.0,0,202,2,0.090408,0.04217,0.062102,5.4,11.0,8.2,1,,,
22300591,2024-01-19,1,7.5,226.5,BROOKLYN / LA LAKERS,BROOKLYN,LA LAKERS,Brooklyn Nets,Los Angeles Lakers,ESPN,1167,0.42,100.5,0.384298,0.432432,2,0,0,0.0,0,0.0,0,0,0,0.0,0,0,0,0.0,0,1,0,0,0,0,0.0,0.0,1,0,0,0.0,0,242,18,0.02817,0.099581,0.088995,-2.4,0.1,-1.15,0,,,
22300615,2024-01-23,0,3.5,223.5,KNICKS / NETS,KNICKS,NETS,New York Knicks,Brooklyn Nets,TNT,989,0.31,92.5,0.35545,0.392265,2,0,0,0.0,0,0.0,0,0,1,1,0,0,1,0.0,0,0,0,0,0,0,0.0,0.0,0,0,0,0.0,0,211,5,0.038859,0.058917,0.046093,4.4,-2.4,1.00,1,180744.0,2283.0,403.0
22300618,2024-01-23,0,9.5,235.5,LAKERS / CLIPPERS,LAKERS,CLIPPERS,Los Angeles Lakers,Los Angeles Clippers,TNT,1303,0.41,101.0,0.308642,0.327778,3,0,0,0.0,0,0.0,0,0,0,0.0,0,0,0,0.0,0,0,0,0,0,0,0.0,0.0,1,0,1,1.0,0,243,11,0.026746,0.121056,0.072499,0.1,3.5,1.8,0,931465.0,8708.0,1669.0
22300622,2024-01-24,0,8.5,241.5,OKLAHOMA CITY / SAN ANTONIO,OKLAHOMA CITY,SAN ANTONIO,Oklahoma City Thunder,San Antonio Spurs,ESPN,604,0.2,102.5,0.318898,0.395604,1,0,0,0.0,0,0.0,0,0,0,0.0,0,0,0,0.0,0,0,0,0,0,1,0.0,0.0,0,0,0,0.0,0,254,26,0.046235,0.113415,0.071406,6.6,-5.5,0.55,0,294919.0,2798.0,751.0
22300625,2024-01-24,0,2.5,241.5,SUNS / MAVERICKS,SUNS,MAVERICKS,Phoenix Suns,Dallas Mavericks,ABC,1675,0.39,99.5,0.385892,0.442529,3,0,0,0.0,0,0.0,0,0,0,0.0,0,0,0,0.0,0,0,1,0,1,0,1.0,0.0,0,0,0,0.0,0,241,23,0.070408,0.119851,0.0592,3.0,2.4,2.70,0,491315.0,4663.0,1177.0
22300630,2024-01-25,0,8.5,224.5,CELTICS / HEAT,CELTICS,HEAT,Boston Celtics,Miami Heat,TNT,1387,0.48,95.5,0.450593,0.471264,3,0,1,0.0,0,0.0,1,0,1,0.0,0,0,0,0.0,0,0,0,0,0,0,0.0,0.0,0,0,0,0.0,0,253,33,0.10479,0.10427,0.095352,11.0,2.0,6.50,0,336500.0,3324.0,664.0
22300632,2024-01-25,0,1.5,243.5,KINGS / WARRIORS,KINGS,WARRIORS,Sacramento Kings,Golden State Warriors,TNT,1385,0.45,97.5,0.460674,0.480226,1,0,0,0.0,0,0.0,0,0,0,0.0,0,0,0,0.0,0,0,0,0,0,0,0.0,1.0,0,0,0,0.0,0,267,1,0.035475,0.089446,0.085838,2.0,1.9,1.95,1,431935.0,4210.0,662.0
22300634,2024-01-26,0,2.5,245.5,DALLAS / ATLANTA,DALLAS,ATLANTA,Dallas Mavericks,Atlanta Hawks,NBATV,468,0.15,106.5,0.350515,0.379121,2,0,0,0.0,0,0.0,0,0,0,0.0,0,0,0,1.0,0,0,0,0,1,0,0.0,0.0,0,0,0,0.0,0,291,5,0.022108,0.079748,0.116587,2.4,-2.0,0.2,0,632465.0,6409.0,908.0
22300641,2024-01-26,0,4.5,232.5,PORTLAND / SAN ANTONIO,PORTLAND,SAN ANTONIO,Portland Trail Blazers,San Antonio Spurs,NBATV,490,0.17,104.0,0.277778,0.39011,0,0,0,0.0,0,0.0,0,0,0,0.0,0,0,0,0.0,0,0,0,0,0,0,0.0,0.0,0,0,0,0.0,0,216,16,0.031747,0.141251,0.178455,-8.5,-5.5,-7.0,0,125738.0,1466.0,177.0
22300661,2024-01-29,0,2.5,230.5,PHOENIX / MIAMI,PHOENIX,MIAMI,Phoenix Suns,Miami Heat,NBATV,309,0.1,96.0,0.376682,0.426966,3,0,0,0.0,0,0.0,1,0,0,0.0,0,0,0,0.0,0,0,1,0,0,0,1.0,0.0,0,0,0,0.0,0,223,13,0.050876,0.102964,0.183329,3.0,2.0,2.5,0,176909.0,1845.0,253.0
22300668,2024-01-29,0,5.5,221.5,PHILADELPHIA / PORTLAND,PHILADELPHIA,PORTLAND,Philadelphia 76ers,Portland Trail Blazers,NBATV,302,0.1,97.0,0.217949,0.341317,0,0,0,0.0,0,0.0,0,0,0,0.0,0,0,0,0.0,0,0,0,0,0,0,0.0,0.0,0,0,0,0.0,0,234,26,0.034321,0.091366,0.207821,2.8,-8.5,-2.85,0,69136.0,808.0,111.0
22300670,2024-01-30,0,7.5,247.5,PACERS / CELTICS,PACERS,CELTICS,Indiana Pacers,Boston Celtics,TNT,991,0.34,99.0,0.343874,0.384615,3,0,1,0.0,1,0.0,0,0,1,0.0,0,0,0,0.0,0,0,0,0,0,0,0.0,0.0,0,0,0,0.0,0,253,5,0.057717,0.108527,0.070224,2.6,11.0,6.80,0,458054.0,3860.0,591.0
22300673,2024-01-30,0,1.5,232.5,76ERS / WARRIORS,76ERS,WARRIORS,Philadelphia 76ers,Golden State Warriors,TNT,1245,0.33,97.5,0.358407,0.378049,2,0,0,1.0,0,0.0,0,0,0,0.0,0,0,0,0.0,0,0,0,0,0,0,0.0,1.0,0,0,0,0.0,0,226,12,0.017225,0.050184,0.11808,2.8,1.9,2.35,0,1004540.0,9928.0,770.0
22300684,2024-02-01,0,15.5,237.5,LAKERS / CELTICS,LAKERS,CELTICS,Los Angeles Lakers,Boston Celtics,TNT,1601,0.54,99.0,0.479452,0.439791,2,0,1,0.0,0,0.0,0,0,1,0.0,0,0,0,0.0,0,0,0,0,0,0,0.0,0.0,0,0,0,0.0,0,219,9,0.06881,0.105631,0.149229,0.1,11.0,0.1,0,1422326.0,15214.0,2731.0
22300686,2024-02-01,0,4.5,242.5,76ERS / JAZZ,76ERS,JAZZ,Philadelphia 76ers,Utah Jazz,TNT,957,0.31,98.0,0.310757,0.375691,1,0,0,0.0,0,0.0,0,0,0,0.0,1,0,0,0.0,0,0,0,0,0,0,0.0,0.0,0,0,0,0.0,0,251,3,0.031288,0.102641,0.096225,2.8,-4.5,-0.85,1,200022.0,2075.0,126.0
22300693,2024-02-02,0,7.5,226.5,GOLDEN STATE / MEMPHIS,GOLDEN STATE,MEMPHIS,Golden State Warriors,Memphis Grizzlies,NBATV,384,0.08,100.5,0.337838,0.441176,1,0,0,0.0,0,0.0,0,0,0,0.0,0,0,0,0.0,0,0,0,0,0,0,0.0,1.0,0,0,0,0.0,0,222,20,0.035292,0.106589,0.127608,1.9,-6.6,-2.35,0,549137.0,5343.0,489.0
22300705,2024-02-04,0,11.5,240.5,PHOENIX / WASHINGTON,PHOENIX,WASHINGTON,Phoenix Suns,Washington Wizards,NBATV,231,84.0,107.5,0.214286,0.309783,2,0,0,0.0,0,0.0,0,0,0,0.0,0,0,0,0.0,0,0,1,0,0,0,1.0,0.0,0,0,0,0.0,0,252,28,0.149115,0.111557,0.107746,3.0,-8.2,-2.6,0,173836.0,1789.0,189.0
22300708,2024-02-04,0,4.5,223.5,LA CLIPPERS / MIAMI,LA CLIPPERS,MIAMI,Los Angeles Clippers,Miami Heat,ESPN,1488,681.0,95.0,0.363636,0.410714,3,0,0,0.0,0,0.0,1,0,0,0.0,0,0,0,0.0,0,0,0,0,0,0,0.0,0.0,0,0,1,1.0,0,198,8,0.03367,0.071087,0.080874,3.5,2.0,2.75,0,625000.0,5700.0,669.0
22300712,2024-02-04,0,15.5,220.5,PORTLAND / DENVER,PORTLAND,DENVER,Portland Trail Blazers,Denver Nuggets,NBATV,452,205.0,89.5,0.32093,0.345029,1,0,0,0.0,0,0.0,0,0,0,0.0,0,0,0,0.0,0,0,0,1,0,0,0.0,0.0,0,0,0,0.0,0,215,9,0.061791,0.077922,0.086825,-8.5,5.4,-1.55,0,129157.0,1436.0,109.0
22300720,2024-02-06,0,2.5,236.5,MAVERICKS / NETS,MAVERICKS,NETS,Dallas Mavericks,Brooklyn Nets,TNT,830,0.25,100.0,0.411504,0.417582,1,0,0,0.0,0,0.0,0,0,0,0.0,0,0,0,0.0,0,0,0,0,1,0,0.0,0.0,0,0,0,0.0,0,226,12,0.041964,0.096963,0.051845,2.4,-2.4,0.00,0,414464.0,4108.0,357.0
22300725,2024-02-06,0,5.5,242.5,BUCKS / SUNS,BUCKS,SUNS,Milwaukee Bucks,Phoenix Suns,TNT,940,0.3,101.5,0.286364,0.384181,3,1,0,0.0,0,0.0,0,0,0,0.0,0,0,0,0.0,0,0,1,0,0,0,1.0,0.0,0,0,0,0.0,0,220,8,0.071778,0.089339,0.099427,2.1,3.0,2.55,0,544500.0,5141.0,686.0
22300727,2024-02-07,0,3.5,236.5,GOLDEN STATE / PHILADELPHIA,GOLDEN STATE,PHILADELPHIA,Golden State Warriors,Philadelphia 76ers,ESPN,1163,0.3,103.0,0.311688,0.364583,2,0,0,0.0,0,0.0,0,0,0,0.0,1,0,0,0.0,0,0,0,0,0,0,0.0,1.0,0,0,0,0.0,0,231,23,0.024138,0.175049,0.134467,1.9,2.8,2.35,0,514412.0,5118.0,430.0
22300731,2024-02-07,0,5.5,232.5,NEW ORLEANS / LA CLIPPERS,NEW ORLEANS,LA CLIPPERS,New Orleans Pelicans,Los Angeles Clippers,ESPN,1121,0.36,99.0,0.32287,0.385542,2,0,0,0.0,0,0.0,0,0,0,0.0,0,0,0,0.0,0,0,0,0,0,0,0.0,0.0,0,0,1,1.0,0,223,11,0.095791,0.129975,0.156043,4.4,3.5,3.95,0,448394.0,3800.0,676.0
22300736,2024-02-08,0,5.5,222.5,MAVERICKS / KNICKS,MAVERICKS,KNICKS,Dallas Mavericks,New York Knicks,TNT,1286,0.4,95.5,0.417391,0.448864,1,0,0,0.0,0,0.0,0,0,0,0.0,0,0,0,0.0,0,0,0,0,1,0,0.0,0.0,0,0,0,0.0,0,230,14,0.030817,0.124169,0.101669,2.4,4.4,3.40,0,316255.0,3239.0,516.0
22300740,2024-02-08,0,3.5,232.5,NUGGETS / LAKERS,NUGGETS,LAKERS,Denver Nuggets,Los Angeles Lakers,TNT,1308,0.46,95.5,0.3,0.306452,3,0,0,0.0,0,0.0,0,0,0,0.0,0,0,0,0.0,0,1,0,1,0,0,0.0,0.0,1,0,0,0.0,0,220,8,0.028497,0.073141,0.058784,5.4,0.1,0.1,1,888201.0,7921.0,1832.0
22300742,2024-02-09,0,3.5,244.5,ATLANTA / PHILADELPHIA,ATLANTA,PHILADELPHIA,Atlanta Hawks,Philadelphia 76ers,NBATV,368,0.12,99.5,0.375,0.452514,1,0,0,0.0,0,0.0,0,0,0,0.0,0,0,0,1.0,0,0,0,0,0,0,0.0,0.0,0,0,0,0.0,0,248,6,0.042722,0.052576,0.129367,-2.0,2.8,0.4,0,148288.0,1486.0,164.0
22300747,2024-02-09,0,2.5,236.5,NEW ORLEANS / LA LAKERS,NEW ORLEANS,LA LAKERS,New Orleans Pelicans,Los Angeles Lakers,NBATV,570,0.2,101.0,0.287356,0.338983,2,0,0,0.0,0,0.0,0,0,0,0.0,0,0,0,0.0,0,1,0,0,0,0,0.0,0.0,1,0,0,0.0,0,261,17,0.024703,0.079437,0.125794,4.4,0.1,2.25,0,1161844.0,11203.0,750.0
22300759,2024-02-11,0,7.5,224.5,BOSTON CELTICS / MIAMI HEAT,BOSTON CELTICS,MIAMI HEAT,Boston Celtics,Miami Heat,ABC,2131,732.0,91.0,0.388889,0.44382,3,0,1,0.0,0,0.0,1,0,1,0.0,0,0,0,0.0,0,0,0,0,0,0,0.0,0.0,0,0,0,0.0,0,216,4,0.053941,0.018819,0.10538,11.0,2.0,6.5,1,513911.0,4648.0,470.0
22300767,2024-02-12,0,1.5,229.5,DENVER / MILWAUKEE,DENVER,MILWAUKEE,Denver Nuggets,Milwaukee Bucks,NBATV,360,0.11,97.5,0.391304,0.41573,3,1,0,0.0,0,1.0,0,0,0,0.0,0,0,0,0.0,0,0,0,1,0,0,0.0,0.0,0,0,0,0.0,0,207,17,0.040144,0.062716,0.141546,5.4,2.1,3.75,0,464731.0,4285.0,634.0
22300770,2024-02-12,0,4.5,223.5,MINNESOTA / LA CLIPPERS,MINNESOTA,LA CLIPPERS,Minnesota Timberwolves,Los Angeles Clippers,NBATV,323,0.11,95.5,0.271493,0.364706,4,0,0,0.0,0,0.0,0,0,0,0.0,0,0,0,0.0,0,0,0,0,0,0,0.0,0.0,0,1,1,1.0,1,221,21,0.060567,0.082911,0.112134,5.5,3.5,4.5,0,611000.0,5340.0,869.0
22300772,2024-02-13,0,2.5,222.5,THUNDER / MAGIC,THUNDER,MAGIC,Oklahoma City Thunder,Orlando Magic,TNT,839,0.31,103.0,0.3,0.388571,2,0,0,0.0,0,0.0,0,1,0,0.0,0,0,0,0.0,0,0,0,0,0,1,0.0,0.0,0,0,0,0.0,0,240,14,0.077832,0.084077,0.152135,6.6,1.2,3.90,0,150357.0,1812.0,169.0
22300774,2024-02-13,0,4.5,245.5,KINGS / SUNS,KINGS,SUNS,Sacramento Kings,Phoenix Suns,TNT,895,0.29,105.0,0.258824,0.344444,2,0,0,0.0,0,0.0,0,0,0,0.0,0,0,0,0.0,0,0,1,0,0,0,1.0,0.0,0,0,0,0.0,0,255,5,0.063145,0.064509,0.091513,2.0,3.0,2.50,1,339977.0,3209.0,252.0
22300781,2024-02-14,1,9.5,222.5,CHICAGO / CLEVELAND,CHICAGO,CLEVELAND,Chicago Bulls,Cleveland Cavaliers,ESPN,864,0.29,95.5,0.366197,0.421687,1,0,0,0.0,0,0.0,0,0,0,0.0,0,1,0,0.0,0,0,0,0,0,0,0.0,0.0,0,0,0,0.0,0,213,3,0.049242,0.093411,0.063322,-1.5,3.3,0.9,1,139305.0,1536.0,272.0
22300789,2024-02-14,1,3.5,237.5,LA CLIPPERS / GOLDEN STATE,LA CLIPPERS,GOLDEN STATE,Los Angeles Clippers,Golden State Warriors,ESPN,1324,0.41,103.5,0.364706,0.445026,2,0,0,0.0,0,0.0,0,0,0,0.0,0,0,0,0.0,0,0,0,0,0,0,0.0,1.0,0,0,1,0,0,255,5,0.035757,0.046536,0.117654,3.5,1.9,2.7,1,1118644.0,9871.0,1233.0
22300796,2024-02-22,0,2.5,244.5,SUNS / MAVERICKS,SUNS,MAVERICKS,Phoenix Suns,Dallas Mavericks,TNT,1353,0.43,96.0,0.432203,0.462428,3,0,0,0.0,0,0.0,0,0,0,0.0,0,0,0,0.0,0,0,1,0,1,0,1.0,0.0,0,0,0,0.0,0,236,10,0.038635,0.063526,0.115724,3.0,2.4,2.70,0,680194.0,7106.0,1157.0
22300802,2024-02-22,0,6.5,243.5,LAKERS / WARRIORS,LAKERS,WARRIORS,Los Angeles Lakers,Golden State Warriors,TNT,1760,0.55,100.5,0.327731,0.389744,2,0,0,0.0,0,0.0,0,0,0,0.0,0,0,0,0.0,0,0,0,0,0,0,0.0,1.0,1,0,0,0.0,0,238,18,0.06787,0.058534,0.094855,0.1,1.9,0.1,0,1397533.0,14891.0,1234.0
22300805,2024-02-23,0,1.5,225.5,CLEVELAND / PHILADELPHIA,CLEVELAND,PHILADELPHIA,Cleveland Cavaliers,Philadelphia 76ers,ESPN,1200,0.38,97.5,0.298507,0.329412,1,0,0,0,0,0.0,0,0,0,0.0,1,0,0,0.0,0,0,0,0,0,0,0.0,0.0,0,0,0,0.0,0,201,7,0.023034,0.090311,0.135788,3.3,2.8,3.05,1,138059.0,1492.0,129.0
22300808,2024-02-23,0,4.5,226.5,MILWAUKEE / MINNESOTA,MILWAUKEE,MINNESOTA,Milwaukee Bucks,Minnesota Timberwolves,ESPN,1203,0.41,98.0,0.356164,0.389189,4,1,0,0.0,0,1.0,0,0,0,0.0,0,0,0,0.0,0,0,0,0,0,0,0.0,0.0,0,1,0,0.0,1,219,5,0.053051,0.043611,0.043465,2.1,5.5,3.8,0,428548.0,4369.0,641.0
22300817,2024-02-25,0,4.5,234.5,BUCKS / 76ERS,BUCKS,76ERS,Milwaukee Bucks,Philadelphia 76ers,ABC,1638,502.0,96.0,0.470046,0.471591,3,1,0,0.0,0,1.0,0,0,0,0.0,1,0,0,0.0,0,0,0,0,0,0,0.0,0.0,0,0,0,0.0,0,217,21,0.012584,0.110093,0.052332,2.1,2.8,2.45,0,254872.0,2405.0,338.0
22300824,2024-02-25,0,0.5,233.5,DENVER / GOLDEN STATE,DENVER,GOLDEN STATE,Denver Nuggets,Golden State Warriors,ESPN,2195,824.0,98.5,0.297297,0.390533,2,0,0,0.0,0,0.0,0,0,0,0.0,0,0,0,0.0,0,0,0,1,0,0,0.0,1.0,0,0,0,0.0,0,222,16,0.030287,0.080123,0.128204,5.4,1.9,3.65,0,627073.0,5835.0,1054.0
22300827,2024-02-25,0,4.5,240.5,SACRAMENTO / LA CLIPPERS,SACRAMENTO,LA CLIPPERS,Sacramento Kings,Los Angeles Clippers,ESPN,1438,607.0,93.5,0.3,0.369942,1,0,0,0.0,0,0.0,0,0,0,0.0,0,0,0,0.0,0,0,0,0,0,0,0.0,0.0,0,0,0,1.0,0,230,16,0.017776,0.055943,0.096641,2.0,3.5,2.75,0,447206.0,3851.0,418.0
22300829,2024-02-26,0,5.5,246.5,TORONTO / INDIANA,TORONTO,INDIANA,Toronto Raptors,Indiana Pacers,NBATV,258,0.08,101.5,0.297619,0.357143,2,0,0,0.0,1,0.0,0,0,0,0.0,0,0,0,0.0,1,0,0,0,0,0,0.0,0.0,0,0,0,0.0,0,252,8,0.053976,0.135993,0.064575,-6.3,2.6,-1.85,0,199100.0,2002.0,325.0
22300831,2024-02-26,0,7.5,223.5,MIAMI / SACRAMENTO,MIAMI,SACRAMENTO,Miami Heat,Sacramento Kings,NBATV,388,0.13,97.0,0.311688,0.360465,1,0,0,0.0,0,0.0,1,0,0,0.0,0,0,0,0.0,0,0,0,0,0,0,0.0,0.0,0,0,0,0.0,0,231,11,0.054222,0.037652,0.071478,2.0,2.0,2.0,1,418612.0,4696.0,546.0
22300836,2024-02-27,0,11.5,231.5,76ERS / CELTICS,76ERS,CELTICS,Philadelphia 76ers,Boston Celtics,TNT,1179,0.34,97.5,0.263889,0.380952,3,0,1,0.0,0,0.0,0,0,1,0.0,1,0,0,0.0,0,0,0,0,0,0,0.0,0.0,0,0,0,0.0,0,216,18,0.013611,0.07578,0.14093,2.8,11.0,6.90,0,281262.0,2913.0,461.0
22300841,2024-02-27,0,10.5,233.5,ROCKETS / THUNDER,ROCKETS,THUNDER,Houston Rockets,Oklahoma City Thunder,TNT,806,0.24,103.0,0.275362,0.351064,1,0,0,0.0,0,0.0,0,0,0,0.0,0,0,0,0.0,0,0,0,0,0,1,0.0,0.0,0,0,0,0.0,0,207,17,0.04769,0.157623,0.061875,1.2,6.6,3.90,0,133484.0,1524.0,147.0
22300843,2024-02-28,0,3.5,239.5,NEW ORLEANS / INDIANA,NEW ORLEANS,INDIANA,New Orleans Pelicans,Indiana Pacers,ESPN,1064,0.32,101.0,0.316456,0.348958,1,0,0,0.0,1,0.0,0,0,0,0.0,0,0,0,0.0,0,0,0,0,0,0,0.0,0.0,0,0,0,0.0,0,237,9,0.043369,0.072601,0.052877,4.4,2.6,3.5,0,150381.0,1415.0,185.0
22300848,2024-02-28,0,1.5,236.5,LA LAKERS / LA CLIPPERS,LA LAKERS,LA CLIPPERS,Los Angeles Lakers,Los Angeles Clippers,ESPN,1404,0.47,98.5,0.315789,0.417143,3,0,0,0.0,0,0.0,0,0,0,0.0,0,0,0,0.0,0,1,0,0,0,0,0.0,0.0,1,0,0,1.0,0,228,4,0.052729,0.141741,0.047036,0.1,3.5,1.8,1,1937458.0,24474.0,3250.0
22300859,2024-03-01,0,9.5,237.5,DALLAS / BOSTON,DALLAS,BOSTON,Dallas Mavericks,Boston Celtics,ESPN,1448,0.43,100.0,0.362903,0.409574,3,0,1,0.0,0,0.0,0,0,1,0.0,0,0,0,0.0,0,0,0,0,1,0,0.0,0.0,0,0,0,0.0,0,248,28,0.045201,0.10962,0.128054,2.4,11.0,6.7,0,1106146.0,7859.0,2415.0
22300864,2024-03-01,0,3.5,221.5,MILWAUKEE / CHICAGO,MILWAUKEE,CHICAGO,Milwaukee Bucks,Chicago Bulls,ESPN,1167,0.37,94.5,0.371429,0.424419,2,1,0,0.0,0,1.0,0,0,0,0.0,0,0,0,0.0,0,0,0,0,0,0,0.0,0.0,0,0,0,0.0,0,210,16,0.016591,0.042485,0.137108,2.1,-1.5,0.3,0,196749.0,2146.0,373.0
22300867,2024-03-02,0,9.5,223.5,UTAH / MIAMI,UTAH,MIAMI,Utah Jazz,Miami Heat,NBATV,209,74.0,96.0,0.329268,0.394286,1,0,0,0.0,0,0.0,1,0,0,0.0,0,0,0,0.0,0,0,0,0,0,0,0.0,0.0,0,0,0,0.0,0,246,6,0.019216,0.071187,0.094512,-4.5,2.0,-1.25,1,307551.0,3046.0,226.0
22300872,2024-03-03,0,8.5,230.5,WARRIORS / CELTICS,WARRIORS,CELTICS,Golden State Warriors,Boston Celtics,ABC,3005,920.0,102.0,0.421053,0.478723,3,0,1,0.0,0,0.0,0,0,1,0.0,0,0,0,0.0,0,0,0,0,0,0,0.0,1.0,0,0,0,0.0,0,228,52,0.003669,0.220919,0.087006,1.9,11.0,6.45,0,799552.0,8329.0,2478.0
22300876,2024-03-03,0,4.5,209.5,NEW YORK / CLEVELAND,NEW YORK,CLEVELAND,New York Knicks,Cleveland Cavaliers,ESPN,1530,625.0,91.0,0.482927,0.479769,1,0,0,0.0,0,0.0,0,0,0,1.0,0,0,0,0.0,0,0,0,0,0,0,0.0,0.0,0,0,0,0.0,0,205,9,0.061245,0.061837,0.033413,4.4,3.3,3.85,0,211610.0,2250.0,331.0
22300878,2024-03-03,0,4.5,233.5,OKLAHOMA CITY / PHOENIX,OKLAHOMA CITY,PHOENIX,Oklahoma City Thunder,Phoenix Suns,ESPN,1408,613.0,102.5,0.302632,0.362694,2,0,0,0.0,0,0.0,0,0,0,0.0,0,0,0,0.0,0,0,1,0,0,1,0,0.0,0,0,0,0.0,0,228,8,0.094557,0.088726,0.055424,6.6,3.0,4.8,1,335092.0,3125.0,340.0
22300880,2024-03-04,0,2.5,223.5,LA CLIPPERS / MILWAUKEE,LA CLIPPERS,MILWAUKEE,Los Angeles Clippers,Milwaukee Bucks,NBATV,524,0.16,98.5,0.424658,0.481481,3,0,0,0.0,0,1.0,0,0,0,0.0,0,0,0,0.0,0,0,0,0,0,0,0.0,0.0,0,0,1,1.0,0,219,7,0.017731,0.089129,0.121861,3.5,2.1,2.8,1,717572.0,7149.0,1079.0
22300884,2024-03-04,0,1.5,239.5,OKLAHOMA CITY / LA LAKERS,OKLAHOMA CITY,LA LAKERS,Oklahoma City Thunder,Los Angeles Lakers,NBATV,533,0.18,99.5,0.422727,0.41954,3,0,0,0.0,0,0.0,0,0,0,0.0,0,0,0,0.0,0,1,0,0,0,1,0.0,0.0,1,0,0,0.0,0,220,12,0.058895,0.147186,0.113934,6.6,0.1,3.35,0,1374330.0,14276.0,1218.0
22300886,2024-03-05,0,8.5,217.5,CELTICS / CAVALIERS,CELTICS,CAVALIERS,Boston Celtics,Cleveland Cavaliers,TNT,1048,0.32,95.0,0.502392,0.437158,2,0,1,0.0,0,0.0,0,0,1,0.0,0,0,0,0.0,0,0,0,0,0,0,0.0,0.0,0,0,0,0.0,0,209,1,0.013333,0.063054,0.04297,11.0,3.3,7.15,0,527624.0,5330.0,1095.0
22300893,2024-03-05,0,8.5,225.5,SUNS / NUGGETS,SUNS,NUGGETS,Phoenix Suns,Denver Nuggets,TNT,1196,0.41,93.74,0.401786,0.385417,2,0,0,0.0,0,0.0,0,0,0,0.0,0,0,0,0.0,0,0,1,1,0,0,0.0,0.0,0,0,0,0.0,0,224,10,0.031804,0.144211,0.135281,3.0,5.4,4.20,0,736747.0,6951.0,814.0
22300897,2024-03-06,0,6.5,222.5,LA CLIPPERS / HOUSTON,LA CLIPPERS,HOUSTON,Los Angeles Clippers,Houston Rockets,ESPN,1004,0.3,94.0,0.352941,0.37931,2,0,0,0.0,0,0.0,0,0,0,0.0,0,0,0,0.0,0,0,0,0,0,0,0.0,0.0,0,0,1,1.0,0,238,6,0.049072,0.096981,0.118908,3.5,1.2,2.35,1,356000.0,3600.0,436.0
22300899,2024-03-06,0,2.5,229.5,MILWAUKEE / GOLDEN STATE,MILWAUKEE,GOLDEN STATE,Milwaukee Bucks,Golden State Warriors,ESPN,1365,0.43,101.0,0.418605,0.433333,3,1,0,0.0,0,1.0,0,0,0,0.0,0,0,0,0.0,0,0,0,0,0,0,0.0,1.0,0,0,0,0.0,0,215,35,0.089066,0.138872,0.048683,2.1,1.9,2.0,0,1566419.0,16628.0,1344.0
22300911,2024-03-08,0,1.5,205.5,MINNESOTA / CLEVELAND,MINNESOTA,CLEVELAND,Minnesota Timberwolves,Cleveland Cavaliers,ESPN,1210,0.34,92.38,0.262673,0.351648,1,0,0,0.0,0,0.0,0,0,0,0.0,0,0,0,0.0,0,0,0,0,0,0,0.0,0.0,0,1,0,0.0,0,217,9,0.078713,0.032717,0.116025,5.5,3.3,4.4,1,284559.0,2708.0,704.0
22300915,2024-03-08,0,4.5,229.5,MILWAUKEE / LA LAKERS,MILWAUKEE,LA LAKERS,Milwaukee Bucks,Los Angeles Lakers,ESPN,1604,0.5,98.0,0.391837,0.409836,3,1,0,0.0,0,1.0,0,0,0,0.0,0,0,0,0.0,0,0,0,0,0,0,0.0,0.0,1,0,0,0.0,0,245,1,0.028417,0.047275,0.091099,2.1,0.1,1.1,1,1443884.0,16680.0,2093.0
22300920,2024-03-09,0,5.5,226.5,CELTICS / SUNS,CELTICS,SUNS,Boston Celtics,Phoenix Suns,ABC,2400,752.0,97.0,0.321429,0.38674,3,0,1,0.0,0,0.0,0,0,1,0.0,0,0,0,0.0,0,0,1,0,0,0,0.0,0.0,0,0,0,0.0,0,224,10,0.01745,0.072451,0.074922,11.0,3.0,7.00,0,596265.0,4901.0,774.0
22300936,2024-03-11,0,5.5,225.5,GOLDEN STATE / SAN ANTONIO,GOLDEN STATE,SAN ANTONIO,Golden State Warriors,San Antonio Spurs,NBATV,495,0.13,100.0,0.364486,0.344086,0,0,0,0.0,0,0.0,0,0,0,0.0,0,0,0,0.0,0,0,0,0,0,0,0.0,0,0,0,0,0.0,0,214,10,0.039319,0.045174,0.045215,1.9,-5.5,-1.8,0,740195.0,7465.0,645.0
22300938,2024-03-11,0,11.5,219.5,BOSTON / PORTLAND,BOSTON,PORTLAND,Boston Celtics,Portland Trail Blazers,NBATV,341,0.1,91.0,0.340909,0.363636,2,0,1,0.0,0,0.0,0,0,1,0.0,0,0,0,0.0,0,0,0,0,0,0,0.0,0.0,0,0,0,0.0,0,220,22,0.054396,0.114338,0.108658,11.0,-8.5,1.25,0,226718.0,2353.0,242.0
22300939,2024-03-12,0,5.5,209.5,76ERS / KNICKS,76ERS,KNICKS,Philadelphia 76ers,New York Knicks,TNT,973,0.3,87.5,0.356757,0.459119,2,0,0,0.0,0,0.0,0,0,0,1.0,1,0,0,0.0,0,0,0,0,0,0,0.0,0.0,0,0,0,0.0,0,185,27,0.04077,0.160409,0.121382,2.8,4.4,3.60,0,190595.0,2327.0,288.0
22300944,2024-03-12,0,5.5,213.5,TIMBERWOLVES / CLIPPERS,TIMBERWOLVES,CLIPPERS,Minnesota Timberwolves,Los Angeles Clippers,TNT,877,0.25,92.5,0.316514,0.379518,3,0,0,0.0,0,0.0,0,0,0,0.0,0,0,0,0.0,0,0,0,0,0,0,0.0,0.0,0,1,1,1.0,0,218,18,0.065945,0.15632,0.064816,5.5,3.5,3.5,0,516444.0,4884.0,774.0
22300949,2024-03-13,0,3.5,217.5,DENVER / MIAMI,DENVER,MIAMI,Denver Nuggets,Miami Heat,ESPN,1086,0.35,90.0,0.255319,0.333333,2,0,0,0.0,0,0.0,1,0,0,0.0,0,0,0,0.0,0,0,0,1,0,0,0.0,0.0,0,0,0,0.0,0,188,12,0.132646,0.057357,0.075823,5.4,2.0,3.7,1,323167.0,2938.0,378.0
22300954,2024-03-13,0,2.5,237.5,LA LAKERS / SACRAMENTO,LA LAKERS,SACRAMENTO,Los Angeles Lakers,Sacramento Kings,ESPN,1400,0.44,97.0,0.436123,0.439759,2,0,0,0.0,0,0.0,0,0,0,0.0,0,0,0,0.0,0,1,0,0,0,0,0.0,0.0,1,0,0,0.0,0,227,13,0.085609,0.049247,0.075812,0.1,2.0,1.05,0,546913.0,4610.0,1173.0
22300955,2024-03-14,0,5.5,226.5,SUNS / CELTICS,SUNS,CELTICS,Phoenix Suns,Boston Celtics,TNT,1071,0.34,96.5,0.451883,0.430851,4,0,1,0.0,0,0.0,0,0,1,0.0,0,0,0,0.0,0,0,1,0,0,0,1.0,0.0,0,0,0,0.0,0,239,15,0.043437,0.10064,0.023144,3.0,11.0,7.00,0,639027.0,5588.0,747.0
22300959,2024-03-14,0,9.5,233.5,MAVERICKS / THUNDER,MAVERICKS,THUNDER,Dallas Mavericks,Oklahoma City Thunder,TNT,1007,0.35,100.5,0.342857,0.4,1,0,0,0.0,0,0.0,0,0,0,0.0,0,0,0,0.0,0,0,0,0,0,1,0.0,0.0,0,0,0,0.0,0,245,7,0.049835,0.113907,0.116541,2.4,6.6,4.50,0,471238.0,4074.0,865.0
22300961,2024-03-15,0,10.5,220.5,PHOENIX / CHARLOTTE,PHOENIX,CHARLOTTE,Phoenix Suns,Charlotte Hornets,NBATV,167,0.05,95.0,0.251232,0.414365,2,0,0,0.0,0,0.0,0,0,0,0.0,0,0,0,0.0,0,0,1,0,0,0,1.0,0.0,0,0,0,0.0,0,203,11,0.093476,0.124386,0.101259,3.0,-10.5,-3.75,0,183326.0,1644.0,122.0
22300966,2024-03-15,0,1.5,222.5,ATLANTA / UTAH,ATLANTA,UTAH,Atlanta Hawks,Utah Jazz,NBATV,234,0.07,101.0,0.414634,0.412088,0,0,0,0.0,0,0.0,0,0,0,0.0,0,0,0,0,0,0,0,0,0,0,0.0,0.0,0,0,0,0.0,0,246,2,0.032981,0.134299,0.097856,-2.0,-4.5,-3.25,0,100241.0,1020.0,71.0
22300973,2024-03-16,0,1.5,233.5,WARRIORS / LAKERS,WARRIORS,LAKERS,Golden State Warriors,Los Angeles Lakers,ABC,2968,869.0,95.5,0.313253,0.359788,3,0,0,0.0,0,0.0,0,0,0,0.0,0,0,0,0.0,0,1,0,0,0,0,0.0,1.0,1,0,0,0.0,0,249,7,0.069672,0.039022,0.061142,1.9,0.1,0.1,0,1620849.0,16011.0,1765.0
22300976,2024-03-17,0,2.5,226.5,SUNS / BUCKS,SUNS,BUCKS,Phoenix Suns,Milwaukee Bucks,ABC,1513,445.0,101.5,0.423792,0.40884,3,0,0,0.0,0,1.0,0,0,0,0.0,0,0,0,0.0,0,0,1,0,0,0,1.0,0.0,0,0,0,0.0,0,269,11,0.065427,0.085387,0.066458,3.0,2.1,2.55,0,441928.0,3851.0,550.0
22300978,2024-03-17,0,1.5,231.5,NUGGETS / MAVERICKS,NUGGETS,MAVERICKS,Denver Nuggets,Dallas Mavericks,ABC,2152,743.0,95.5,0.29717,0.342391,2,0,0,0.0,0,0.0,0,0,0,0.0,0,0,0,0.0,0,0,0,1,1,0,0.0,0.0,0,0,0,0.0,0,212,2,0.041523,0.133346,0.131402,5.4,2.4,3.90,0,871821.0,11755.0,1593.0
22300981,2024-03-17,0,1.5,218.5,BROOKLYN / SAN ANTONIO,BROOKLYN,SAN ANTONIO,Brooklyn Nets,San Antonio Spurs,NBATV,364,125.0,99.17,0.21519,0.338308,0,0,0,0.0,0,0.0,0,0,0,0.0,0,0,0,0.0,0,0,0,0,0,0,0.0,0.0,0,0,0,0.0,0,237,7,0.032806,0.061638,0.109672,-2.4,-5.5,-3.95,1,211942.0,2662.0,316.0
22300982,2024-03-17,0,9.5,221.5,ATLANTA / LA CLIPPERS,ATLANTA,LA CLIPPERS,Atlanta Hawks,Los Angeles Clippers,NBATV,387,166.0,92.5,0.413793,0.443038,2,0,0,0.0,0,0.0,0,0,0,0.0,0,0,0,0.0,0,0,0,0,0,0,0.0,0.0,0,0,1,1.0,0,203,17,0.016706,0.157475,0.170914,-2.0,3.5,0.75,0,294272.0,2510.0,508.0
22300985,2024-03-18,0,2.5,205.5,MIAMI / PHILADELPHIA,MIAMI,PHILADELPHIA,Miami Heat,Philadelphia 76ers,ESPN,1200,0.38,96.0,0.396825,0.396552,2,0,0,0.0,0,0.0,1,0,0,0.0,1,0,0,0.0,0,0,0,0,0,0,0.0,0.0,0,0,0,0.0,0,189,7,0.032097,0.088567,0.145553,2.0,2.8,2.4,1,174792.0,1710.0,240.0
22300995,2024-03-19,0,7.5,216.5,DENVER / MINNESOTA,DENVER,MINNESOTA,Denver Nuggets,Minnesota Timberwolves,NBATV,458,0.12,97.5,0.343612,0.366864,2,0,0,0.0,0,0.0,0,0,0,0.0,0,0,0,0.0,0,0,0,1,0,0,0.0,0.0,0,1,0,0.0,0,227,3,0.037331,0.105661,0.071756,5.4,5.5,5.45,0,527037.0,5201.0,1039.0
22300998,2024-03-20,0,10.5,226.5,MILWAUKEE / BOSTON,MILWAUKEE,BOSTON,Milwaukee Bucks,Boston Celtics,ESPN,1393,0.42,95.5,0.435685,0.443787,3,0,1,0.0,0,1.0,0,0,1,0.0,0,0,0,0.0,0,0,0,0,0,0,0.0,0.0,0,0,0,0.0,0,241,3,0.077377,0.05719,0.07321,2.1,11.0,6.55,0,689918.0,6535.0,1343.0
22301001,2024-03-20,0,11.5,219.5,MEMPHIS / GOLDEN STATE,MEMPHIS,GOLDEN STATE,Memphis Grizzlies,Golden State Warriors,ESPN,1237,0.36,95.5,0.438735,0.44898,1,0,0,0.0,0,0.0,0,0,0,0.0,0,0,0,0.0,0,0,0,0,0,0,0.0,1.0,0,0,0,0.0,0,253,21,0.038841,0.110324,0.034904,-6.6,1.9,-2.35,0,513528.0,5401.0,367.0
22301004,2024-03-21,0,2.5,207.5,NEW ORLEANS / ORLANDO,NEW ORLEANS,ORLANDO,New Orleans Pelicans,Orlando Magic,NBATV,129,0.03,100.5,0.264317,0.341463,1,0,0,0.0,0,0.0,0,1,0,0.0,0,0,0,0.0,0,0,0,0,0,0,0.0,0.0,0,0,0,0.0,0,227,15,0.101643,0.146191,0.074101,4.4,1.2,2.8,0,107321.0,1317.0,219.0
22301010,2024-03-21,0,9.5,226.5,ATLANTA / PHOENIX,ATLANTA,PHOENIX,Atlanta Hawks,Phoenix Suns,NBATV,201,0.05,95.0,0.419753,0.460606,2,0,0,0.0,0,0.0,0,0,0,0.0,0,0,0,0.0,0,0,1,0,0,0,1.0,0.0,0,0,0,0.0,0,243,13,0.031899,0.082671,0.152322,-2.0,3.0,0.5,1,176119.0,1954.0,133.0
22301014,2024-03-22,0,7.5,206.5,CLEVELAND / MINNESOTA,CLEVELAND,MINNESOTA,Cleveland Cavaliers,Minnesota Timberwolves,NBATV,182,0.04,90.0,0.323077,0.337349,1,0,0,0.0,0,0.0,0,0,0,0.0,0,0,0,0.0,0,0,0,0,0,0,0.0,0.0,0,1,0,0.0,0,195,13,0.027648,0.061638,0.071031,3.3,5.5,4.4,0,205728.0,2035.0,241.0
22301018,2024-03-22,0,7.5,227.5,PHILADELPHIA / LA LAKERS,PHILADELPHIA,LA LAKERS,Philadelphia 76ers,Los Angeles Lakers,NBATV,288,0.09,99.5,0.307692,0.402367,3,0,0,0.0,0,0.0,0,0,0,0.0,1,0,0,0.0,0,1,0,0,0,0,0.0,0.0,1,0,0,0.0,0,195,7,0.020988,0.077868,0.144596,2.8,0.1,1.45,1,993232.0,9138.0,693.0
22301030,2024-03-24,0,2.5,233.5,OKLAHOMA CITY / MILWAUKEE,OKLAHOMA CITY,MILWAUKEE,Oklahoma City Thunder,Milwaukee Bucks,NBATV,200,78.0,98.5,0.298578,0.425414,3,1,0,0.0,0,1.0,0,0,0,0.0,0,0,0,0.0,0,0,0,0,0,1,0.0,0.0,0,0,0,0.0,0,211,25,0.107104,0.112396,0.123567,6.6,2.1,4.35,0,360921.0,3812.0,879.0
22301032,2024-03-24,0,2.5,240.5,INDIANA / LA LAKERS,INDIANA,LA LAKERS,Indiana Pacers,Los Angeles Lakers,NBATV,335,159.0,109.0,0.305085,0.311224,3,0,0,0.0,1,0.0,0,0,0,0.0,0,0,0,0.0,0,1,0,0,0,0,0.0,0.0,1,0,0,0.0,0,295,5,0.03838,0.054815,0.110137,2.6,0.1,1.35,1,956920.0,9872.0,1369.0
22301034,2024-03-25,0,10.5,225.5,BOSTON / ATLANTA,BOSTON,ATLANTA,Boston Celtics,Atlanta Hawks,NBATV,256,0.07,94.5,0.365546,0.406593,2,0,1,0.0,0,0.0,0,0,1,0.0,0,0,0,0.0,0,0,0,0,0,0,0.0,0.0,0,0,0,0.0,0,238,2,0.057006,0.095296,0.040655,11.0,-2.0,4.5,1,318075.0,3936.0,978.0
22301042,2024-03-25,0,7.5,220.5,PHILADELPHIA / SACRAMENTO,PHILADELPHIA,SACRAMENTO,Philadelphia 76ers,Sacramento Kings,NBATV,261,0.09,89.0,0.308824,0.428571,1,0,0,0.0,0,0.0,0,0,0,0.0,1,0,0,0.0,0,0,0,0,0,0,0.0,0.0,0,0,0,0.0,0,204,12,0.0247,0.102075,0.152418,2.8,2.0,2.4,0,100559.0,1236.0,145.0
22301045,2024-03-26,0,9.5,235.5,LAKERS / BUCKS,LAKERS,BUCKS,Los Angeles Lakers,Milwaukee Bucks,TNT,1431,0.5,102.21,0.345238,0.418502,3,1,0,0.0,0,1.0,0,0,0,0.0,0,0,0,0.0,0,0,0,0,0,0,0.0,0.0,1,0,0,0.0,0,252,4,0.039582,0.117106,0.08135,0.1,2.1,0.1,0,1783850.0,23076.0,3135.0
22301047,2024-03-26,0,0.5,233.5,MAVERICKS / KINGS,MAVERICKS,KINGS,Dallas Mavericks,Sacramento Kings,TNT,1014,0.39,101.5,0.434211,0.379121,1,0,0,0.0,0,0.0,0,0,0,0.0,0,0,0,0.0,0,0,0,0,1,0,0.0,0.0,0,0,0,0.0,0,228,36,0.066301,0.114192,0.056045,2.4,2.0,2.20,0,417970.0,4739.0,670.0
22301052,2024-03-27,0,6.5,214.5,LA CLIPPERS / PHILADELPHIA,LA CLIPPERS,PHILADELPHIA,Los Angeles Clippers,Philadelphia 76ers,ESPN,1225,0.44,93.5,0.376744,0.401163,3,0,0,0.0,0,0.0,0,0,0,0.0,1,0,0,0.0,0,0,0,0,0,0,0.0,0.0,0,0,1,1.0,0,215,1,0.007462,0.080219,0.122464,3.5,2.8,3.15,1,315363.0,3227.0,527.0
22301059,2024-03-27,0,6.5,228.5,PHOENIX / DENVER,PHOENIX,DENVER,Phoenix Suns,Denver Nuggets,ESPN,1435,0.48,91.5,0.38806,0.426901,3,0,0,0.0,0,0.0,0,0,0,0.0,0,0,0,0.0,0,0,1,1,0,0,1.0,0.0,0,0,0,0.0,0,201,7,0.042784,0.026029,0.051736,3.0,5.4,4.2,0,694332.0,5905.0,877.0
22301061,2024-03-28,0,2.5,225.5,MILWAUKEE / NEW ORLEANS,MILWAUKEE,NEW ORLEANS,Milwaukee Bucks,New Orleans Pelicans,NBATV,285,0.09,98.0,0.318841,0.410405,2,1,0,0.0,0,1.0,0,0,0,0.0,0,0,0,0.0,0,0,0,0,0,0,0.0,0.0,0,0,0,0.0,0,207,7,0.015678,0.053385,0.114539,2.1,4.4,3.25,0,483109.0,4001.0,624.0
22301092,2024-04-01,0,0.5,222.5,PHOENIX / NEW ORLEANS,PHOENIX,NEW ORLEANS,Phoenix Suns,New Orleans Pelicans,NBATV,194,0.05,94.0,0.370213,0.420455,2,0,0,0.0,0,0.0,0,0,0,0.0,0,0,0,0.0,0,0,1,0,0,0,1.0,0.0,0,0,0,0.0,0,235,13,0.011898,0.056277,0.072977,3.0,4.4,3.7,0,418362.0,3495.0,375.0
22300589,2024-04-02,0,0.5,231.5,MAVERICKS / WARRIORS,MAVERICKS,WARRIORS,Dallas Mavericks,Golden State Warriors,TNT,1383,0.48,101.0,0.441176,0.402235,2,0,0,0.0,0,0.0,0,0,0,0.0,0,0,0,0.0,0,0,0,0,1,0,0.0,1.0,0,0,0,0.0,0,204,4,0.072556,0.090669,0.026896,2.4,1.9,2.15,1,1118245.0,11063.0,1120.0
22301093,2024-04-02,0,2.5,219.5,THUNDER / 76ERS,THUNDER,76ERS,Oklahoma City Thunder,Philadelphia 76ers,TNT,979,0.3,98.5,0.378505,0.418182,1,0,0,1.0,0,0.0,0,0,0,0.0,0,0,0,0.0,0,0,0,0,0,0,0.0,0.0,0,0,0,0.0,0,214,4,0.109849,0.093512,0.115526,6.6,2.8,4.70,0,273877.0,2668.0,363.0
22301105,2024-04-03,0,12.5,229.5,OKLAHOMA CITY / BOSTON,OKLAHOMA CITY,BOSTON,Oklahoma City Thunder,Boston Celtics,ESPN,1166,0.37,98.0,0.280851,0.369942,2,0,1,0.0,0,0.0,0,0,1,0.0,0,0,0,0.0,0,0,0,0,0,0,0.0,0.0,0,0,0,0.0,0,235,35,0.050794,0.135543,0.169755,6.6,11.0,8.8,0,411564.0,3883.0,569.0
22301110,2024-04-03,0,6.5,226.5,CLEVELAND / PHOENIX,CLEVELAND,PHOENIX,Cleveland Cavaliers,Phoenix Suns,ESPN,1117,0.37,99.0,0.336323,0.347059,3,0,0,0.0,0,0.0,0,0,0,0.0,0,1,0,0.0,0,0,1,0,0,0,1.0,0.0,0,0,0,0.0,0,223,21,0.017818,0.040257,0.113337,3.3,3.0,3.15,0,334495.0,2923.0,263.0
22301112,2024-04-04,0,3.5,212.5,KINGS / KNICKS,KINGS,KNICKS,Sacramento Kings,New York Knicks,TNT,1106,0.33,94.5,0.393013,0.421687,1,0,0,0.0,0,0.0,0,0,0,1.0,0,0,0,0.0,0,0,0,0,0,0,0.0,0.0,0,0,0,0.0,0,229,11,0.029458,0.049583,0.082694,2.0,4.4,3.20,0,263015.0,2827.0,370.0
22301114,2024-04-04,0,3.5,220.5,NUGGETS / CLIPPERS,NUGGETS,CLIPPERS,Denver Nuggets,Los Angeles Clippers,TNT,1428,0.48,100.0,0.267327,0.393064,2,0,0,0.0,0,0.0,0,0,0,0.0,0,0,0,0.0,0,0,0,1,0,0,0.0,0.0,0,0,1,0.0,0,202,2,0.006894,0.09721,0.130787,5.4,3.5,3.5,0,596014.0,5833.0,920.0
22301118,2024-04-05,0,9.5,225.5,SACRAMENTO / BOSTON,SACRAMENTO,BOSTON,Sacramento Kings,Boston Celtics,NBATV,206,83.0,94.0,0.432836,0.505319,1,0,1,0.0,0,0.0,0,0,0,0.0,0,0,0,0.0,0,0,0,0,0,0,0.0,0.0,0,0,0,0.0,0,201,1,0.060453,0.050318,0.086377,2.0,11.0,6.5,0,363972.0,3302.0,629.0
22301125,2024-04-05,0,4.5,216.5,MINNESOTA / PHOENIX,MINNESOTA,PHOENIX,Minnesota Timberwolves,Phoenix Suns,NBATV,285,112.0,101.0,0.309783,0.341615,3,0,0,0.0,0,0.0,0,0,0,0.0,0,0,0,0.0,0,0,1,0,0,0,1.0,0.0,0,1,0,0.0,0,184,10,0.08101,0.138185,0.119769,5.5,3.0,4.25,0,453440.0,3871.0,573.0
22301131,2024-04-07,0,9.5,227.5,HOUSTON / DALLAS,HOUSTON,DALLAS,Houston Rockets,Dallas Mavericks,NBATV,217,41.0,101.89,0.339223,0.449438,1,0,0,0.0,0,0.0,0,0,0,0.0,0,0,0,0.0,0,0,0,0,1,0,0.0,0.0,0,0,0,0.0,0,283,11,0.029537,0.078892,0.16534,1.2,2.4,1.8,1,685443.0,9869.0,1537.0
22301139,2024-04-07,0,4.5,220.5,NEW YORK / MILWAUKEE,NEW YORK,MILWAUKEE,New York Knicks,Milwaukee Bucks,NBATV,452,62.0,92.5,0.337662,0.377246,3,1,0,0.0,0,1.0,0,0,0,1.0,0,0,0,0.0,0,0,0,0,0,0,0.0,0.0,0,0,0,0.0,0,231,13,0.098572,0.033626,0.111944,4.4,2.1,3.25,0,373584.0,4034.0,863.0
22301143,2024-04-07,0,2.5,218.5,MINNESOTA / LA LAKERS,MINNESOTA,LA LAKERS,Minnesota Timberwolves,Los Angeles Lakers,NBATV,591,138.0,103.0,0.319672,0.38674,2,0,0,0.0,0,0.0,0,0,0,0.0,0,0,0,0.0,0,0,0,0,0,0,0.0,0.0,1,1,0,0.0,0,244,10,0.024008,0.090778,0.13915,5.5,0.1,2.8,0,720998.0,5387.0,1048.0
22301148,2024-04-09,0,3.5,231.5,CELTICS / BUCKS,CELTICS,BUCKS,Boston Celtics,Milwaukee Bucks,TNT,989,0.31,90.0,0.523077,0.505747,4,1,1,0.0,0,1.0,0,0,1,0.0,0,0,0,0.0,0,0,0,0,0,0,0.0,0.0,0,0,0,0.0,0,195,13,0.049054,0.029083,0.002627,11.0,2.1,6.55,0,529922.0,4651.0,852.0
22301155,2024-04-09,0,1.5,236.5,WARRIORS / LAKERS,WARRIORS,LAKERS,Golden State Warriors,Los Angeles Lakers,TNT,1650,0.53,101.0,0.448819,0.431818,2,0,0,0.0,0,0.0,0,0,0,0.0,0,0,0,0.0,0,1,0,0,0,0,0.0,1.0,0,0,0,0.0,0,254,14,0.047825,0.092924,0.142479,1.9,0.1,0.1,0,1833463.0,16941.0,2080.0
22301161,2024-04-10,0,2.5,218.5,DALLAS / MIAMI,DALLAS,MIAMI,Dallas Mavericks,Miami Heat,ESPN,1233,0.42,91.0,0.413793,0.440476,2,0,0,0.0,0,0.0,1,0,0,0.0,0,0,0,0.0,0,0,0,0,1,0,0.0,0.0,0,0,0,0.0,0,203,19,0.036635,0.13116,0.060613,2.4,2.0,2.2,0,498662.0,5183.0,435.0
22301164,2024-04-10,0,7.5,215.5,MINNESOTA / DENVER,MINNESOTA,DENVER,Minnesota Timberwolves,Denver Nuggets,ESPN,1573,0.56,91.5,0.32287,0.333333,2,0,0,0.0,0,0.0,0,0,0,0.0,0,0,0,0.0,0,0,0,1,0,0,0.0,0.0,0,1,0,0.0,0,223,9,0.064998,0.125903,0.086727,5.5,5.4,5.45,0,681041.0,5946.0,1124.0
22301179,2024-04-12,0,14.5,223.5,MILWAUKEE / OKLAHOMA CITY,MILWAUKEE,OKLAHOMA CITY,Milwaukee Bucks,Oklahoma City Thunder,NBATV,341,0.1,100.5,0.310345,0.390805,1,0,0,0.0,0,0.0,0,0,0,0.0,0,0,0,0.0,0,0,0,0,0,1,0.0,0.0,0,0,0,0.0,0,232,18,0.034718,0.153977,0.070544,2.1,6.6,4.35,0,223076.0,2021.0,374.0
22301185,2024-04-12,0,4.5,225.5,PHOENIX / SACRAMENTO,PHOENIX,SACRAMENTO,Phoenix Suns,Sacramento Kings,NBATV,414,0.14,94.0,0.362791,0.419162,2,0,0,0.0,0,0.0,0,0,0,0.0,0,0,0,0.0,0,0,1,0,0,0,1.0,0.0,0,0,0,0.0,0,215,1,0.02845,0.059811,0.057229,3.0,2.0,2.5,1,419482.0,3930.0,516.0